POI Id,Name,Favourite dish of your college,Largest value food order at your college,unofficial campus favorite restaurant,The official 12 AM craving / dish,Max number of orders in a week for a student in your college,Highest number of pizzas ordered on a single day,Highest number of biryanis ordered on a single day
c0v89ojmud18qpl381s0,KIIT University,biryani,9668,Burger King,burger,20,101,237
4d74d528-2b1f-43d9-8179-64c8c47d0937,IIT Bombay,biryani,17010,McDonald's,burger,24,120,252
c0v85kbnrs5psrn7ivvg,Thapar Institute of Engineering & Technology,burger,7223,Burger King,burger,16,209,46
67edcee6-58db-4e6f-af3c-8501efbedf57,IIT BHU Varanasi,burger,16195,Capsicum Food Court - Since 2007,burger,19,165,137
7064cbe1-ec14-4e42-a8aa-cade8964586e,AIIMS New Delhi,biryani,22194,McDonald's,burger,35,53,70
205b4553-167b-477f-aff3-e7b48c98d204,BITS Pilani Goa,pizza,10901,KFC,pizza,23,120,82
02e361c0-86da-4044-8a62-3a75ad8b4ff4,IIT Kharagpur,biryani,9332,Amigos,pizza,21,85,207
brjo6q3o07cs2k5c8qkg,IIM Ahmedabad New Campus,burger,14121,McDonald's,burger,27,39,45
4cf4dc98-b43e-4a70-ac36-caa0ac8a59fd,IIIT Delhi,burger,13673,Punjabi Angithi (Vegorama Group),burger,23,40,59
3cf71b17-0f37-4a52-bb75-7d3a317b42ed,University of Hyderabad,biryani,8479,Mehfil,biryani,22,40,155
807e8bd3-fdc6-472b-b3bb-8bee10e6d001,IIIT Hyderabad,biryani,11343,California Burrito,pizza,24,46,68
c0e3vg09tt4h2ptrvpc0,SPJIMR & Bhavans College,burger,5341,"Dabba Garam (Homestyle,Combo, Thali & More)",burger,26,21,32
c0v86brnrs5psrn7j03g,Jawaharlal Institute of Postgraduate Medical Education and Research(JIPMER),biryani,9719,KBS Kofi Bar & Veg Restaurant,pizza,29,38,62
eb8b2f7d-22da-4c37-85e6-9179d3aedf48,Kasturba Medical College,biryani,6772,McDonald's,burger,24,31,52
c0cpqt89tt4h2ptrubug,Indian School of Business,biryani,12607,California Burrito,burger,28,53,50
2f2a711b-e99d-4f89-abb5-89ced497ccac,Maulana Azad National Institute of Technology(MANIT Bhopal),pizza,6556,Sharma Bhojnalaya Jawahar chowk,pizza,16,143,73
c3b58521-fea6-4a74-92b9-cd52d3a56320,Post Graduate Institute of Medical Education & Research,pizza,13809,La Pino'z Pizza,roll,27,45,33
cb4af7d1-772d-47c6-812f-f0a5a4be3cec,Vellore Institute of Technology (VIT),burger,8321,McDonald's,burger,31,46,72
c0e447g9tt4h2ptrvtm0,St John's Medical College & Hospital,biryani,16675,Truffles,burger,24,18,48
a74e0d69-2252-4c35-8e4b-13988d5b069f,Punjab University,pizza,6502,La Pino'z Pizza,pizza,18,139,41
c0v89bbnrs5psrn7j1d0,Christian Medical College(CMC Hospital),biryani,8879,Zufruita,burger,18,23,45
c0v84prnrs5psrn7ivng,Manipal Institute of Technology,burger,5084,Domino's Pizza,pizza,18,52,41
c0df030mlbnfmjbvg9ng,Sharda University,burger,9728,Burger King,burger,15,57,45
b7296aff-2f3e-46b9-b3c4-695e3d235bbd,DYP Medical College,burger,38792,McDonald's,burger,22,30,40
0290b485-1be0-4686-88d4-715a196f82ac,Kalinga Institute of Industrial Technology 4,biryani,6047,Rolls On Wheels,burger,16,33,135
c0cpkuo9tt4h2ptru660,IISER Pune,biryani,11125,Burger King,burger,18,33,50
c0e3mko9tt4h2ptrvhe0,Jaypee Institute of Information Technology,pizza,6049,Wrapperz,roll,18,116,45
c0v85hjmud18qpl38020,Malaviya National Institute Of Technology(MNIT),biryani,12435,Bikkgane Biryani,pizza,22,69,108
741a9d40-b985-464a-a2aa-eca36ef36fd0,Amrita Institute of Medical Sciences and Research Centre(AIMS),biryani,14600,Paragon Restaurant,shawarma,36,19,82
c0v8chbnrs5psrn7j360,Medical College Trivandrum,biryani,8951,Hotel Aryaas,burger,27,22,54
103a685f-28e8-434f-a83b-16f51a15e53d,New Civil Hospital & Government Medical College,burger,15318,McDonald's,burger,28,37,27
ccc5281f-3441-46b8-a58b-9bb4e9199691,Saveetha University,biryani,6685,Ss Hyderabad Biryani,burger,17,19,124
5afd3c6c-d3bb-4d93-b2f8-29c7ecb74822,Manipal Academy of Higher Education(MAHE),burger,10358,McDonald's,cake,14,34,56
7b68220f-5c83-48db-adc7-00d50b4127eb,Punjab Engineering College(PEC College),pizza,6005,La Pino'z Pizza,pizza,25,272,63
c0e43e8mlbnfmjbvh7e0,Sri Ramachandra Institute Of Higher Education And Research,biryani,14062,Shree Mithai,burger,25,22,76
aa39144a-945d-40df-bdb3-46e06ee4368e,Visvesvaraya National Institute of Technology (VNIT),biryani,8303,Hyderabad Biryani.com,burger,20,42,84
7819263d-7e2c-4a71-8281-e181490f963f,IIT Madras,biryani,9114,A2B - Adyar Ananda Bhavan,burger,17,31,45
ba3291e9-58ad-4af6-b8fb-26c0ff14c999,Gujarat University,burger,5850,McDonald's,burger,22,35,25
c0cpq9g9tt4h2ptrubcg,Atal Bihari Vajpayee Institute of Medical Sciences & Dr RML Hospital(PGIMER),biryani,12030,McDonald's,burger,33,24,36
dc0044d7-cd06-41cd-aa8c-7cc685b9ac13,Management Development Institute(MDI),roll,15874,McDonald's,burger,18,24,23
13c08075-233e-4f68-98ec-206aa4c746b6,Indian Institute of Technology (Indian School of Mines) IIT & ISM Dhanbad,biryani,5983,Burger King,pizza,13,58,96
buibiaqstu3qr1u8fvig,SRM Group Of Educational Institutions,burger,8276,Burger King,burger,11,40,53
9c9cbb01-410d-4ace-b4ee-d5fbe79abc24,King George's Medical University(KGMU),biryani,17660,Burger King,burger,20,34,54
187045b5-a41c-4727-8dd7-bacdf696c2e8,Goa Medical College And Hospital,biryani,12915,Tato's Tiffin,burger,21,22,40
d95dbd46-ab33-489d-a1d7-f29e5de895b6,IIT Roorkee - I,roll,8566,Tanishas Royal Hyderabadi Biryani,pizza,15,32,47
9fe73d4b-5bbc-4fc3-969f-3814ac7eb21e,AIIMS Jodhpur,biryani,8814,Janta Sweet Home,pizza,25,29,29
7700244c-3172-48a2-bfae-c179743be764,National Institute of Technology Jamshedpur,biryani,4007,Kolkata Biryani - Jugsalai,pizza,11,62,170
0c321e5b-fd7a-41cd-829c-d3fc560f5ae2,GMERS Medical College & Hospital,thali,12211,Jagdish Foods Pvt Ltd,pizza,23,44,25
d5794465-4363-415d-9aa1-0a63d5b82845,Indian School Of Business Mohali,roll,10416,McDonald's,pizza,22,30,21
d5056e58-2d7f-4aef-9ecb-c89a4858d7f0,IIT Roorkee - II,roll,4677,Tanishas Royal Hyderabadi Biryani,pizza,13,27,54
c0e3lvo9tt4h2ptrvgrg,IIM Bangalore,biryani,17968,California Burrito,burger,20,23,44
42b2a48d-ba4e-4cf3-a829-3e10f56512f5,Aligarh Muslim University,burger,8197,Sher E Punjab,burger,13,36,40
34f759bb-0766-4ed1-953a-4986e61b359f,Indian Institute of Science Education and Research Mohali,pizza,8705,Rominus Pizza And Burger,pizza,16,59,22
5401c47c-0da7-4591-a529-a5eed62d4680,KLE University,biryani,7642,Domino's Pizza,pizza,17,23,57
753d7ed9-904c-4f4d-8300-f5637f1c049c,AIIMS Bhopal,biryani,7932,Burger King,burger,16,23,52
7ee99302-341b-4d00-b995-728c4504c4c8,Kalinga Institute of Industrial Technology 1,biryani,5505,Burger King,burger,18,22,82
bui5vm6pej7fsal2q0f0,Maulana Azad Medical College (MAMC),biryani,15147,Burger King,burger,25,27,39
c0e3jp89tt4h2ptrvesg,Gandhi Medical College & Hospital,biryani,12334,Bawarchi,biryani,18,14,77
83bdb22f-bdbc-443f-811b-51303c93fcaa,AIIMS Mangalgiri,biryani,6983,Andhra's ButtaBhojanam,burger,16,14,42
bui61v2stu3qr1u8f89g,Delhi Technological University,burger,5609,Punjabi Angithi (Vegorama Group),burger,13,37,22
52485f7a-7513-49d8-9b38-94a6bb1cbfb9,Assam Medical College,biryani,8084,Fusian Asiana- MFC,pizza,13,25,58
ba289630-7788-44c7-b8aa-3612d12b1666,Punjab Agricultural University,pizza,10120,Captain Sam's Pizza,pizza,19,38,14
c0delo0mlbnfmjbvfvt0,IIM Mumbai,burger,6677,McDonald's,burger,25,29,28
202fa75d-3f24-4c05-b170-e78a87d7b52b,King Edward Memorial Hospital and Seth Gordhandas Sunderdas Medical College,burger,9699,McDonald's,burger,25,21,30
528dcdc6-b327-44c1-b356-ef56f6920d07,National Institute of Mental Health and Neurosciences,biryani,15600,A2B - Adyar Ananda Bhavan,pizza,32,16,40
7e575cdf-6c4b-4d9e-b211-c9caea932ad7,Netaji Subhas University of Technology,burger,9449,Burger King,burger,14,32,21
964c0d05-82ac-4b64-8e39-0dfb82e3995c,IIM Kozhikode,burger,14011,KFC,burger,17,14,18
cf8975fd-af10-4303-8041-eefd56d7af9d,IIM Calcutta,biryani,10393,Domino's Pizza,pizza,20,36,32
3e9af667-367d-494a-837a-02a6fd806a82,Father Muller Medical College,biryani,5180,Cochin Village Restaurant,burger,15,17,43
500cae3b-32b1-49a3-9e25-b0ed24bd3965,IIT Kanpur,biryani,11294,Domino's Pizza,pizza,16,47,80
c0v8dqbnrs5psrn7j3o0,Government Medical Dental College and Civil Hospital,burger,8672,McDonald's,burger,15,37,23
334f4569-1071-484c-bc28-9dff0972c789,Indore Institute of Management & Research (IIMR Indore),burger,5502,McDonald's,burger,19,24,27
c21c62cb-9e28-453e-92fb-618b5c976ac4,NIT Warangal,biryani,6600,Domino's Pizza,biryani,21,32,145
c0dev3omlbnfmjbvg8q0,Saveetha Institute of Medical And Technical Sciences,biryani,9592,McDonald's,other_dry_starters,21,18,39
3362c358-cd71-4eee-a1f2-7613913d25a6,Lady Hardinge Medical College & Hospital,burger,13125,McDonald's,burger,19,17,25
91e286f5-4251-40b6-94cc-7924f341ccd1,Travancore Medicity Medical College Hospital,biryani,7360,AL Hayat Pallimukku,burger,21,21,29
c656bc70-8446-4931-be26-17de76805ef3,Topiwala National Medical College & BYL Nair Charitable Hospital,burger,11145,McDonald's,burger,20,16,29
fc5ac7a7-8105-49c2-86df-b2446eadf19d,Government Medical & Dental College Nagpur,biryani,16824,Burger King,burger,17,25,43
b5e828be-9ef2-41e4-add4-1fd57a79b0b6,Sanjay Gandhi Postgraduate Institute of Medical Sciences(SGPGI),pizza,8865,Madhurima Veg,pizza,19,28,20
d111f70b-cf21-4e7b-afc3-29984bb34456,Geetanjali University,pizza,8603,Burger Farm,curry,16,29,15
c8c562c9-af0c-44cf-b609-379f8acc7077,Jubilee Mission Medical College and Research Institute,burger,4524,Thomson's Casa,burger,21,8,27
a0207eb4-d040-423c-a78c-5bad3192d9a5,Sri Padmavathi Medical College for Women,biryani,2898,Di Table 9 New,biryani,22,21,108
aafc52c4-e135-4f64-8d71-021c0ad2e9d9,AJ Hospital & Research Centre,biryani,8505,Pabbas Ideal Cafe,burger,18,14,39
080a6876-b66b-4ef2-be52-4a7edc4921fa,Savitribai Phule Pune University,burger,13068,Burger King,burger,21,21,26
5d30eb47-6519-4009-9b34-3115e09877d1,AIIMS Rishikesh,burger,9482,Sarrva Cafe,,23,14,9
61e5eb77-2825-4209-8795-eb24352bf078,School of Planning and Architecture Vijayawada (SPA),biryani,9530,Bengaluru Bhavan,burger,24,18,36
25409647-40a8-44ac-81e8-4500e5d4d9c3,Mahindra University,biryani,12233,Pista House,biryani,8,20,46
250ae107-03f8-4b95-beba-53f2cd21716c,Symboisis IU Pune,burger,17230,McDonald's,burger,12,17,17
9c401090-b12b-47a8-82ce-9e54bc0cf1b7,SVIMS I,biryani,5337,Di Table 9 New,biryani,44,15,86
0dbd97cb-0410-4b7d-b142-98ffce6f4cbf,ESIC Medical College And Hospital,biryani,10899,Mehfil,biryani,19,13,40
4c2538cf-7538-41f9-afaa-a44095bdf76c,PSG Institute of Management,biryani,24112,Ss Hyderabad Biryani,other_dry_starters,13,14,66
c1fa9e5a-eebd-4b1f-9c24-7cd932136044,Institute of Management Technology Ghaziabad,pizza,10838,Domino's Pizza,pizza,16,27,24
bf7636ee-01a9-4a59-b624-acd74f035f7c,Dr Ram Manohar Lohiya National Law University,pizza,4239,Rominus Pizza And Burger,pizza,18,35,28
985657e6-4774-497d-918f-93c15da3c00b,Sardar Vallabhbhai National Institute of Technology (SVNIT),biryani,5316,Delhi Dastarkhwan Restaurant,burger,17,20,36
224e7022-e609-464b-b817-1ef16ed6def5,AIIMS Patna,biryani,8199,Bikkgane Biryani,pizza,19,23,36
acbebf91-e23f-409f-bea0-2f18fd6dc6cd,NIT Trichy,burger,6429,KFC,pizza,11,31,30
a359c6db-9374-4d24-83bc-4d8fec0ede34,Government Medical College Baroda,pizza,10303,Chai CupPi,pizza,18,50,21
2c5d457a-45e2-4e8d-9883-fdba63e78f76,XLRI Xavier School of Management,burger,5212,McDonald's,burger,14,16,23
c0cpeo89tt4h2ptru08g,Osmania University,biryani,5061,Bawarchi,biryani,11,10,233
05497de6-f0e0-4894-94f4-8fd1a933f52b,National Institute of Science Education and Research(NISER Bhubaneswar),pizza,6819,The Chopsticks,pizza,16,31,43
4f86cf8f-9265-47a3-8b5d-8ece1398c70f,Pandit Bhagwat Dayal Sharma Post Graduate Institute of Medical Sciences(PGIMS),pizza,6120,Burger King,burger,27,37,13
c4cf51eb-ab78-494d-bb02-958ca2077637,National Law School of India University(NLSIU),burger,11466,California Burrito,burger,19,24,19
96d2ca8f-2531-4a0c-bd3d-4e85e4978ca9,AIIMS Raipur,biryani,5144,Kaaram Podi,pizza,17,21,20
36355eea-810c-4703-bd93-0274b7a0fdcd,Guru Nanak Dev Hospital & Government Medical College Amritsar,burger,4791,Burger King,burger,12,20,10
e6cb8d9d-2b4e-41d0-8c94-ccb662af443e,Nirma University,burger,4182,McDonald's,sandwich,14,20,7
991e470f-9a9c-4171-9379-2311d001fad0,AIIMS Gorakhpur,burger,7663,Burger King,burger,16,37,35
bcef797e-a83e-49f1-88d4-23208cac287d,IIT Palakkad,biryani,6712,McDonald's,burger,12,12,34
681ce606-049b-4d59-b7a4-776972cc37b1,RajaRajeswari Medical College & Hospital,biryani,6836,Domino's Pizza,pizza,12,16,28
c1e88482-9319-4939-92ca-2a12db518178,Patna University & PMCH Hospital,biryani,6955,Burger King,biryani,26,24,47
8439fcb0-7a7e-4906-b778-48d9a752e71d,Institute of Technical Education & Research(ITER),biryani,6119,Scholars,pizza,15,100,151
39e03789-9ef5-4bc4-b8a7-6e25a9b7294c,Guru Nanak Dev University & Khalsa College,burger,8566,Burger King,burger,16,26,9
3e3fe381-734e-403f-97fb-167b455eec7c,Anna University,biryani,9529,Ss Hyderabad Biryani,biryani,12,10,34
61f92bc8-2a3e-4a7e-af37-964880beb449,Government Medical College Kozhikode(GMC),biryani,4929,Top Form - Chevayoor,other_dry_starters,19,11,18
75370cb4-1c56-46d1-9c0b-44807a807ded,MGM University & Medical College Hospital,biryani,5053,McDonald's,biryani,19,17,24
cdadd8d5-b9d9-49ce-a5d9-9647da272622,IIT Bhilai,burger,8678,Burger King,burger,14,43,76
5a094e6a-5202-4664-b268-9900eabab64a,SMIMER Hospital & Medical College,burger,6386,McDonald's,shake,21,17,9
bui9qrepej7fsal2qgj0,Tata Memorial Centre,biryani,7481,"Dabba Garam (Homestyle,Combo, Thali & More)",burger,18,19,14
e50581a8-2a6f-43c8-a9a4-a73d566ea5d3,Karnataka Medical College and Research Institute,biryani,5352,Hotel Moon Light,pizza,20,16,63
4fb332cc-58f9-4c9a-9932-e520943b4ca6,National Institute of Fashion Technology,biryani,3984,Mehfil,burger,19,18,27
c0e3s1omlbnfmjbvh0pg,Osmania Medical College,biryani,12518,Grand Hotel,biryani,15,10,68
ecf310f5-1915-4676-8d9e-14538a58b21f,Vellore Institute of Technology (VIT) Chennai,burger,11335,KFC,soft_drinks,12,27,30
9f70a1bd-0670-4f57-b439-8daab43c7ff9,ABV IIITM Gwalior,burger,4407,Burger Budds,burger,13,39,17
fab790b4-5393-4709-a2ad-cafc97e69179,IIFT Kolkata,burger,7576,Rang De Basanti Dhaba,burger,14,11,8
f9a24f61-1910-4b20-9748-b1a58f3a23c2,Shimoga Institute of Medical Science,biryani,3515,Singh's Punjabi Dhaba,pizza,12,16,76
795337f5-58a2-49e0-bb03-b31f059f5633,National Institute of Technology (NIT Durgapur),biryani,7176,Domino's Pizza,pizza,12,16,71
5ab3007c-8e17-4f41-99c4-93f210881d43,Cochin University of Science and Technology-CUSAT,biryani,6741,Thaal Kitchen,other_dry_starters,16,10,19
0f8929ed-03b5-4425-880c-f1a18acecc48,Nizam's Institute Of Medical Sciences,biryani,21673,Mehfil,biryani,19,8,32
c0e47q09tt4h2pts00q0,Vydehi Institute Of Medical Sciences And Research Centre,biryani,10647,McDonald's,burger,15,12,27
brjo48ro07cs2k5c82mg,IIIT Bangalore,burger,5506,Truffles,burger,15,19,21
997c8f69-3780-45f5-b776-1ce15905f506,Bareilly International University & Rohilkhand Medical College,burger,6892,Burger King,pizza,12,22,19
1d66e3f2-a8b1-4fe2-8480-614832dc3409,National Institute of Technology Raipur (NIT Raipur),biryani,5105,Kaaram Podi,biryani,11,33,50
9a033417-cb48-47af-8df3-c2e85c8a4973,IMS and Sum Hospital,biryani,14699,Jugaad Jn,burger,15,14,25
62062cf9-7099-4d0c-b4e5-f2ff1062be90,Smt NHL Municipal Medical College,burger,2927,McDonald's,burger,17,11,6
dcf34062-ffd2-4860-8e57-fe6dd25618c0,IIIT Kottayam,pizza,7671,Pizza Hut,,11,19,24
0fbddaee-8029-4f58-9bc6-eb3ba3e45203,Rajendra Institute of Medical Sciences,biryani,5806,Seasons Restaurant,biryani,10,28,55
1193f77e-a188-4e82-8a50-d88dc06a8e68,Reva University,biryani,10411,Burger King,burger,21,9,31
a9d6de4a-9d70-4aa9-882a-e9741f4ac2c8,Dibrugarh University,biryani,3778,Fusian Asiana- MFC,roll,11,15,62
525c9625-6851-4182-bb7b-79ece9bc3635,KS Hegde Medical Academy,biryani,4659,KFC,burger,11,18,25
c0v8d83mud18qpl383l0,SCB Medical College And Hospital,biryani,7414,Biriyani Box,pizza,13,18,102
1fce9df4-4feb-4804-aaa4-16d33daa6c43,TA Pai Management Institute (TAPMI),burger,4422,McDonald's,burger,15,28,35
d508fa98-8194-4604-a590-f06d337a18ca,Indira Gandhi Institute of Medical Sciences(IGIMS College),biryani,13027,Burger King,burger,14,19,27
ff969119-5b18-4dcc-b631-66adacddb562,JSS College Campus,biryani,5266,McDonald's,burger,12,13,30
brjo4ajo07cs2k5c83kg,Somaiya Vidyavihar University,burger,4417,McDonald's,burger,10,22,10
c0e3oq89tt4h2ptrvjd0,Madras Medical College,biryani,7698,Zaitoon,other_dry_starters,36,9,22
f4669457-b007-41ee-90e9-8a08b21c0767,Bharath Institute of Higher Education And Research,biryani,6667,Zaitoon,fried_rice,19,10,22
c61093ee-be95-4886-af17-90ef70c22c2b,University Of Lucknow,biryani,13633,Rominus Pizza And Burger,pizza,16,27,25
40fda95b-01b9-429e-aa85-22b950dd96a1,Aarupadai Veedu Medical College(AVMC),biryani,5690,Herbyo multicuisine Restaurant,biryani,15,9,21
35b6fad6-16ff-4f1b-be4b-0420028b7109,Shri Guru Ram Rai Institute of Technology And Science,burger,3442,Burger King,burger,13,16,11
0e389805-a227-478d-998b-a70ab13153ba,AIIMS Raebareli,pizza,3549,Bati Restaurant,taco,12,36,24
c3455135-ddea-4102-b733-42ce756029ad,Dr Ram Manohar Lohia College & Hospital,biryani,7447,Madhurima Veg,pizza,27,25,17
5a246d42-9cbd-44c0-ae2b-970c8ccb4214,Indian Institute of Technology Patna(IIT Patna),pizza,4326,La Pino'z Pizza,,12,40,20
cb1c31e4-770c-4405-85e7-18303ea36e4e,Pacific Medical College And Hospital,burger,5448,Rominus Pizza And Burger,pizza,14,23,23
c0v861jmud18qpl3809g,Symbiosis International University,burger,2952,McDonald's,burger,16,9,19
9a4ce118-d089-4ac6-958f-309548981631,Gandhi Institute of Technology and Management(GITAM),biryani,7587,Biryanis And More Yendada,biryani,11,15,123
a28caf95-6af1-45d0-b9d0-e390392cc53c,Narayana Medical College And Hospital,biryani,8221,Asli nellore family dhaba and restaurant,fried_rice,12,8,34
59a41ac0-b023-499d-ab5e-056ad372a151,JSS College and Hospital,biryani,6712,McDonald's,burger,16,9,23
2dd590c3-bbd7-415c-a310-aa1f73d65931,IIT Bhubaneswar II,pizza,3986,The Chopsticks,pizza,11,45,16
58e3c3e0-731f-4a8b-9b8f-a21748427699,Maharshi Dayanand University,pizza,3559,Pizza Choice,pizza,16,54,10
7c290da0-719f-4195-8159-333f952a6de9,Mamata Medical College Khammam,biryani,4065,Udupi Ahaar,biryani,16,10,40
02dbc6fa-c0b0-4c3b-9699-79d7c1645294,Siddhartha Medical College,biryani,3452,Bengaluru Bhavan,biryani,15,10,52
8225bc01-0783-4ad7-9265-d54dea84d0cd,IIT Ropar,biryani,4373,Shagun Dhaba,,12,27,38
5686774a-6c39-4c46-916d-c41f721a310a,GMERS Medical College & Hospital,burger,6559,McDonald's,burger,20,22,8
dec369cb-e599-4b1e-bf53-6fffbef17e2e,Chandigarh Group of Colleges,pizza,8577,Captain Sam's Pizza,pizza,15,269,20
c0v88lbnrs5psrn7j13g,NRS Medical College & Hospital,biryani,7833,Zam Zam Restaurant,biryani,19,10,28
a84f33d4-e44b-478b-8e9e-e1da53b11e6e,Ganesh Shankar Vidyarthi Memorial Medical College(GSVM Medical College),pizza,7183,Rominus Pizza And Burger,pizza,15,35,25
0cc05f34-eaab-48e8-a20d-f01f6dfa4162,Jamia Millia Islamia University I,biryani,6191,Zahra Restaurant & Cafe,burger,12,19,66
72556872-2e16-431d-a257-2e22aa7e8697,Gauhati Medical College and Hospital(GMCH) I,biryani,3284,Burger King,biryani,21,11,19
c0e3n589tt4h2ptrvhtg,Jawaharlal Nehru Technological University Hyderabad (JNTU),biryani,5298,Mehfil,biryani,22,10,140
74330875-6e62-4b2b-a889-ef78e6e94356,MKCG Medical College And Hospital,biryani,7897,Nandan Hotel,burger,17,11,58
79bca31d-f9d5-4c52-a8c7-2ddc70da6890,Sawai Man Singh Medical College,pizza,11783,Rominus Pizza and Burger,curry,15,23,16
9076847f-052e-4db3-81de-eeca28ae4ef4,Government Medical College Aurangabad,biryani,6241,Bodhkhe Kaku Swyampak Ghar,pizza,12,19,27
315ce3bc-b082-4ad7-808a-0193ec022d98,ASRAM Medical College & Hospital Eluru,biryani,8169,Orange Restaurant,biryani,12,7,95
2e7f7ab3-3f99-42da-8d80-c88909c0010c,Dr BR Ambedkar Medical College & Hospital,burger,5762,Punjabi Angithi (Vegorama Group),burger,21,13,14
bui4bqmpej7fsal2ptvg,Gautam Buddha University,burger,5422,Hungry Fox Cafe & Restaurant,burger,11,59,19
289f7580-19ca-4467-8abd-de0ea4ce125b,Sri Siddhartha Medical College,biryani,4732,M' Crunch,maggi,19,18,26
a7daa716-c51f-410c-a72d-1e73d358b588,National Law University,burger,8727,Domino's Pizza,burger,13,19,9
6a353a1b-ca30-4dd3-8fd3-ad38db1930bb,SV University,biryani,5047,The Paradise,biryani,12,10,149
d806383b-e8d0-4109-82d0-553423da733e,ACSR Government Medical College And Hospital,biryani,4100,A2B - Adyar Ananda Bhavan,pizza,15,14,27
ca57c167-dbb9-4d3b-91ce-d99ea1e9a4f0,Pushpagiri Medical College Hospital,biryani,4158,The Beirut Blends,,20,8,16
0bfaa9a0-b06c-45cd-95c0-2f3725cc7108,BV University Pune,burger,13058,McDonald's,burger,17,15,13
ff80d68d-1241-4119-9312-8c583291d53d,KLE Technological University,biryani,2923,McDonald's,pizza,12,22,49
btd11ql8o0r16ibrro30,PES University Electronic City Campus,biryani,7056,Truffles,burger,14,12,28
0fb4d6d5-9cab-4018-bb9b-575fb3383717,ESIC Medical College & Hospital Faridabad,pizza,10680,Annapurna Pure Veg,pizza,18,16,13
c0dem5g9tt4h2ptrulqg,Institute Of Child Health,biryani,9214,A2B - Adyar Ananda Bhavan,juice,19,5,17
23a278b2-d374-4a91-ae67-7300b086ce28,Andhra University,biryani,5285,New Satyam Multicuisine Restaurant & Takeaway,biryani,11,9,104
2d60ae8c-5d40-494c-870e-2d238ee6a5ef,Sri Sivasubramaniya Nadar University,biryani,8490,KFC,pizza,8,11,25
948c57ee-2982-4b50-a32a-571d68cd792b,Indira Gandhi Medical College and Research Institute,biryani,15682,A2B - Adyar Ananda Bhavan,biryani,15,10,18
07b8d44d-acb3-4a7e-ad5f-e23b35a3e4d5,IIT Guwahati,burger,4674,Burger King,pizza,14,21,25
f2a75146-7da0-4e69-ae40-cb5dff1198b8,Regional Institute of Education Mysuru,biryani,1927,Hotel Janani,burger,14,10,74
9ee6b530-e8f3-433b-9c56-ba2e505e073d,Government General Hospital & College,biryani,4532,Hotel Sri Sankara Vilas,biryani,21,7,24
c0v8cmbnrs5psrn7j38g,BHU Medical College And Hospital,biryani,15005,Roma's Cafe Diner,burger,24,15,17
c0cpdkg9tt4h2ptrtv60,Amity University Noida,biryani,15141,KFC,burger,15,9,26
5794f681-23de-4d9b-81f2-2b96c558fa9a,Indira Gandhi Government Medical College & Hospital,biryani,5353,Haldiram's Restaurant,burger,18,11,30
bs28lvqq624i2n3lmef0,Equinox Business Park,burger,15581,McDonald's,burger,23,18,16
d78973e0-3eb4-4d0a-9522-296e9b3dd4f9,GSL Medical College & General Hospital,biryani,4079,Priyanka Family Restaurant,biryani,8,17,132
a8b439db-1825-43df-8339-d99370b19e31,IIIT Allahabad II,pizza,4522,La Pino'z Pizza,pizza,12,60,17
7ca37467-b2cd-4372-94d0-058de9ad93f9,Kurnool Medical College & Hospital,biryani,4445,Hotel International Food World-C Camp,pizza,15,11,26
d0da5ef4-3c6a-4196-956f-3a2334fa5844,Silchar Medical College & Hospital,biryani,6062,Aroma Cafe & Restaurant,maggi,14,9,18
35e9b20c-5cb6-4436-8e09-6b1aa453bb4a,Jorhat Medical College & Hospital,biryani,6607,Domino's Pizza,pizza,16,10,15
5a3cca1a-7a03-4801-95ce-d132546d2f37,IIT Dharwad II,biryani,5907,Copper & Pepper Kitchen & Bar,pizza,15,11,56
a3a40def-1524-4ba9-8d19-32061ddf35b4,Kumaraguru College of Technology,biryani,4793,KFC,curry,7,6,46
a9845838-c64c-4567-962c-ab4ac9abc3c0,Indian Institute of Engineering Science and Technology Shibpur (IIEST),biryani,6597,Bikkgane Biryani,pizza,10,14,56
7bf0e9bf-7893-4a91-b67b-d956df71ad37,IIM Lucknow,biryani,15334,Burger King,burger,14,29,36
bui4brqstu3qr1u8f5j0,Bennett University,burger,7198,Hungry Fox Cafe & Restaurant,burger,10,32,23
9792445a-6756-48a4-a25d-93ac3b02e380,SOA University Campus 4,biryani,5873,Burger King,burger,17,20,27
ec9b87dd-051f-4667-bf4f-3a746ba25bb2,KIIT School of Law,biryani,3402,Burger King,burger,16,13,18
ec963700-56d5-4e90-a208-51befe0ef900,BITS Pilani Hyderabad,biryani,8461,Tandoor MultiCuisine Restaurant,pizza,13,23,38
62f56922-3777-4e72-9c9e-878e58db43eb,Shridevi Educational Institutes,biryani,4956,Domino's Pizza,pizza,17,33,60
209d1740-a87d-4bbd-984f-f3257055ce4b,Silicon Institute of Technology(Silicon University),biryani,3266,Rolls On Wheels,burger,12,15,92
c0derkgmlbnfmjbvg5h0,Sir Ganga Ram Hospital,roll,15122,McDonald's,burger,17,12,9
f903b901-9248-4a88-90f4-339a7b30cf80,Amity University Kolkata,biryani,6593,KFC,burger,16,7,18
2ead5088-3319-465d-b67b-46761926e701,Guru Gobind Singh Indraprastha University,burger,12935,Domino's Pizza,burger,14,39,8
6ba5fddf-9d76-4a33-aab2-f1604528398f,IRMA Anand,biryani,3444,McDonald's,burger,14,16,18
facf91dd-221d-4c4d-aa4f-735166294322,National Institute of Design Ahmedabad,burger,9869,McDonald's,burger,18,15,13
78df772e-aaa0-498c-a173-92f27404f198,Jawaharlal Nehru Technological University(JNTUK University),biryani,9721,Food Park Family Restaurant,biryani,10,8,138
e7f51d4f-18f9-47f0-9c26-5cbe9ffb8356,Utkal University,biryani,6718,Biriyani Box,biryani,14,13,44
faa7d370-ff57-4362-896a-6dc88237701e,Mahatma Gandhi Medical College and Research Institute(Sri Balaji Vidyapeeth (SBVU)),biryani,7794,KFC,pizza,13,15,15
3f85867d-aae6-479f-a4cc-c69877123dff,BLDE University,biryani,4298,Qaswa Hills Restaurant,pizza,14,9,21
57c94210-fc67-4a09-9742-3acaff11a9b4,National Institute of Pharmaceutical Education and Research Mohali (NIPER),pizza,5689,Bikkgane Biryani,pizza,14,27,13
c0e3kfgmlbnfmjbvgq4g,Tamil Nadu Government Multi Super Speciality Hospital TNGMSSH,biryani,11108,A2B - Adyar Ananda Bhavan,tea,21,6,13
9d5f3d60-7d79-442f-843f-b47155f33486,International Management Institute,burger,5936,McDonald's,burger,22,11,14
c0v86t3mud18qpl380hg,Vellore Institute of Technology (VIT) I,burger,7633,McDonald's,burger,9,17,32
ca23ede3-052e-4f56-9be9-b888425a4657,Government Engineering College Thrissur,burger,8442,Food Box,burger,17,6,94
a3ae80ea-a320-4fff-bdd8-44f03bc9ea35,Subbaiah Institute of Medical Sciences,biryani,6320,KFC,nuggets,11,16,54
7540ab85-663e-4748-baf2-509bed1cf4c4,Institute of Engineering and Technology (IET),pizza,3531,La Pino'z Pizza,pizza,12,45,29
99474188-3069-4dfc-adb5-1add3eabedbf,Government Medical College Hospital Kottayam,burger,6460,Malabar Kitchen,burger,11,6,14
c0e3j7o9tt4h2ptrvecg,ESIC Medical College And PGIMSR,biryani,7190,Burger King,burger,20,14,20
b0d64574-4fa3-4409-9153-74ebf634f3e9,NIT Srinagar,pizza,5045,YUMBURGS,pizza,13,69,37
859fa4a0-dcc9-49a9-a3de-c618c755f0a3,National Institute of Technology Karnataka (NITK) Surathkal,biryani,6472,Domino's Pizza,pizza,12,23,20
e391b54e-c8da-4444-acf4-8a64898eba79,Azim Premji University,burger,9660,Domino's Pizza,burger,12,21,12
c0df4kgmlbnfmjbvge3g,Symbiosis Law School,burger,4040,McDonald's,burger,15,13,11
8077a261-b0fd-457c-9b91-3c4fb4eec1ac,Pondicherry Institute Of Medical Sciences,burger,6832,Banyan Tea House,burger,17,7,14
270b4b9d-3f45-4ef7-89ac-ef84fa1e2726,Gandhi Medical College & Hospital,pizza,3914,Bapu Ki Kutia,burger,18,19,13
8c9f1ba8-8dbc-461d-ad97-33450fb340a5,National Academy of Indian Railways,pizza,3607,Pizza Hut,pizza,14,46,24
1ea2b48b-76dd-4322-b8b6-2c93481efe61,AIIMS Bathinda,burger,5904,Shree Shayam Vaishno Dhaba,pizza,26,15,4
7f6bb6c4-db8c-44b9-b5e4-6f847f50310e,IIM Ranchi,burger,7807,Domino's Pizza,burger,11,21,15
5d977ae8-3b1a-4b3e-9fad-ac5cdd7b1fad,Coimbatore Medical College & Hospital,biryani,9262,Hotel Sri Madurai Meenakshi,parotta,13,5,16
19769604-30e7-45e7-997a-f056830d6675,Govt Medical College The Nilgiris,biryani,4295,KFC,,13,7,13
58305a55-9fc3-4a76-9e7b-dc092af1cfef,Odisha University of Technology and Research,biryani,4576,Baba-Ben-Chow,biryani,11,29,121
c0desug9tt4h2ptrus8g,Institute of Post Graduate Medical Education & Research,biryani,13597,Domino's Pizza,curry,15,8,17
ec8794d8-9441-4d33-8b9f-db185400f07c,University College Of Medical Sciences & GTB Hospital (UCMS),burger,7397,Burger King,burger,15,21,11
1d7765ce-2dd1-4b97-9b4f-02ee35889917,GCS Medical College And Hospital,burger,9680,McDonald's,pizza,14,22,8
2983b565-67a6-4088-a732-01b4140a62a3,Christian Medical College & Hospital,burger,4254,KFC,burger,17,13,9
0a51b6dc-445d-4442-9d9d-e4e82aebd3f7,IIIT Guwahati,biryani,3261,Cafe Go Green,pizza,12,16,26
e0076912-08d6-4940-83ec-a363a65f8f94,KJ Somaiya Medical College & Research Centre,burger,10082,McDonald's,burger,11,12,7
b8d3c777-9958-482f-8f82-841d7ac8c17a,Guru Jambheshwar University of Science and Technology,pizza,3127,Pizza House,pizza,13,57,4
f5b832d2-b71f-4e66-ae8d-469906c55a80,Andhra Medical College,biryani,3654,New Satyam Multicuisine Restaurant & Takeaway,burger,16,8,24
a9ea9286-4d1e-4ef3-86d6-f4e75b02a076,Government Medical College Patiala,pizza,3107,Burger King,burger,13,26,8
1cb45981-777f-4b87-91a6-54d8df7eb84c,Kanyakumari Medical College & Hospital Asaripallam,biryani,4743,Hotel Udupi International,pizza,18,8,16
92303dee-59cf-46f8-aa28-dcb9b69fa89e,Government Hospital and Medical College Latur,biryani,4155,Hotel City Centre,pizza,19,10,10
182a3513-def4-40b7-b5f2-dac87ce318ce,AIIMS Nagpur,biryani,5089,Haldiram's Restaurant,pizza,12,8,13
bf693385-7565-464e-bdf2-58873b898c11,National Institute Of Technology Silchar,biryani,5461,KFC,sundae,17,22,30
9bb83cce-d779-4730-9805-74ee975649bc,Madurai Medical College,biryani,5924,KFC,burger,27,6,15
7a8ebffe-7530-4a41-a378-999350bdc58b,Government Medical College and Hospital - Thiruvannamalai,biryani,2894,A2B - Adyar Ananda Bhavan,pizza,22,9,16
10388407-997c-4d62-ab85-4b848c1c4eb9,Loyola College,biryani,6502,KFC,curry,17,6,21
cefcde7c-3229-4db1-9d94-6f18133725c2,Kakatiya Medical College,biryani,4849,Cakewala,biryani,12,6,65
b0d7b659-f31b-4735-bd6f-8f4bc5fbaee0,Chandigarh University,pizza,4057,La Pino'z Pizza,pizza,10,147,11
b248e35e-08be-42ec-b12e-05eeb1efe754,Dr. Vasantrao Pawar Medical College/Hospital & Research Center,burger,4923,McDonald's,pizza,16,16,17
acc4ad67-0f42-44f0-84b4-cb0805001c50,Karnavati University,burger,4421,McDonald's,burger,10,15,6
btd121d8o0r16ibrrqfg,Kidwai Memorial Institute of Oncology,biryani,6733,A2B - Adyar Ananda Bhavan,pizza,19,8,14
9e158346-652f-4ea3-aeb4-d3d82b40c819,Medical College Palakkad,biryani,3156,Nalanda Grill,burger,20,4,13
12df7ff6-90e2-492a-af0e-14e48b0afb45,Sapthagiri Institute of Medical Sciences and Research Centre,biryani,9808,McDonald's,burger,16,7,19
67fcc5cb-71b5-439b-ae70-0a009cb8ea5a,National University of Advanced Legal Studies,burger,3571,McDonald's,shake,12,10,9
b6058021-6cc8-43b9-bfd7-68de70bec922,Agartala Government Medical College & Govind Ballabh Pant Hospital,thali,8925,Steamin Mugs Cafe & Restaurant,pizza,15,11,11
ca6e0346-5095-4ced-aa0f-37e138fe98a8,Babu Banarasi Das University,pizza,4693,Burger King,burger,14,16,14
5ae4753e-f294-4d85-856e-f72316e9e03b,Symbiosis International University Nagpur(SIBM Nagpur),roll,5700,Domino's Pizza,pizza,9,12,11
7b190cc9-32b8-4957-a5c2-cefcc82abbe5,Jamia Millia Islamia University II,biryani,6761,Zahra Restaurant & Cafe,pizza,13,69,141
ae0e412c-9166-4390-8cba-6b3976926c57,GIMSR Medical College & Hospital,biryani,4485,Burger King,burger,13,9,21
3c331f51-9d50-4505-9221-40d46c00a1e6,IQ City Medical College & Hospital,biryani,6682,Domino's Pizza,pizza,13,12,22
c0e3gbo9tt4h2ptrvbq0,BJ MC Hospital,biryani,6362,McDonald's,burger,16,12,14
37dcd279-ac77-4b2e-a7a7-66373ca4a16d,CEPT University,burger,17489,McDonald's,burger,8,16,11
4535f60b-7e74-47bc-9209-1554dc4af835,Dharmsinh Desai University,pizza,7930,La Pino'z Pizza,pizza,10,30,5
c9ad6477-a643-4b8f-bb08-ecd2a3d6c96e,Regional Institute Of Education (RIE Bhubneshwar),biryani,2738,Biriyani Box,pizza,11,9,109
99f49793-bed4-4ba0-9159-112452a370ef,Government Medical College & Hospital Tiruppur,biryani,6200,A2B - Adyar Ananda Bhavan,burger,15,8,14
94f9581a-c98b-4db9-9c8a-d801b666eba2,IIM Rohtak,roll,17756,Burger King,burger,8,22,24
bui9qaastu3qr1u8fo6g,MGM Institute of Health Sciences,burger,10106,McDonald's,burger,12,12,7
b776abd6-e304-45cc-8907-733ab7107004,PSG Institute of Technology and Applied Research,biryani,6377,"Dindigul Thalappakatti - Since 1957
",sandwich,8,5,23
15324706-0c5b-49df-b43a-7a584327fcbc,Thanjavur Medical College & Hospital,biryani,6290,C3 Cafe,pizza,9,8,21
c30b5837-cd89-45b3-94da-a57f639fd49f,Anant National University,pizza,5333,McDonald's,pizza,10,16,8
c0cpsggmlbnfmjbvfo0g,Indian Institute of Technology Delhi,biryani,15444,Domino's Pizza,burger,10,18,12
3c540226-4c3d-4f4c-b78f-477cb491d5f3,Chaudhary Charan Singh Haryana Agricultural University,pizza,3705,Old Harlal Shudh Vaishno Dhaba,pizza,10,25,4
c0cddea9-7eb6-4b9e-993c-0d65dffda4e4,SJB Institute of Technology(SJBIT),biryani,5523,Royal Indraprastha,pizza,11,9,19
7e9d3d5d-b6a9-4d85-8111-e4dbc037c026,Babasaheb Bhim Rao Ambedkar University,pizza,5954,La Pino'z Pizza,pizza,16,20,15
c0e45809tt4h2ptrvuhg,SIMS College,burger,4373,Burger King,burger,11,8,8
3cf24d8b-4b63-4298-9aa5-d21d1efb5da8,Gayatri Vidya Parishad College of Engineering,biryani,2930,Eaters Stop,biryani,11,10,140
4b999769-155f-4693-a8a4-c5529e7bdfb4,Belgaum Institute Of Medical Sciences & Civil District Hospital(BIMS),biryani,5450,McDonald's,pizza,13,12,48
38d22744-f746-460a-8e3f-64c8481ae3fa,Sri Lakshmi Narayana Institute of Medical Science Medical College & Hospital,biryani,9479,KFC,burger,17,12,18
c0e3ij0mlbnfmjbvgod0,Dr BR Ambedkar Medical College,biryani,7814,McDonald's,burger,21,9,12
ae33ed13-94c5-4f7c-bdf4-f6dd098e0e41,Harcourt Butler Technical University (HBTU),pizza,2023,Rominus Pizza And Burger,pizza,13,17,11
c0v8a1bnrs5psrn7j1r0,BMS College of Engineering,biryani,14768,California Burrito,burger,15,10,18
5c6831d3-0e71-4c9d-bdcf-c9fc1d750599,The Maharaja Sayajirao University(MSU) - 3,pizza,3743,Burger King,pizza,15,25,9
e9a6bd04-df21-4177-a687-9e24e387ccb1,Indian Institute of Foreign Trade,burger,9816,McDonald's,burger,13,6,22
c0e3qggmlbnfmjbvgvfg,Mukesh Patel School Of Technology Management & Engineering,burger,4143,McDonald's,burger,14,11,13
9e303437-a2a9-4b9f-894f-8c3152224d11,National Institute Of Design Assam,biryani,6148,Domino's Pizza,pizza,12,16,15
55120203-a8aa-4dce-84cf-81629294ba7b,Ravenshaw University Cuttack,biryani,2200,Rasoi,burger,13,12,54
e5ddce9c-f1ca-4840-833e-78f65bc1a00d,Bharti Vidyapeeth,biryani,7937,Rahamatullah Restaurant,pizza,9,12,30
bui7bo6pej7fsal2q690,Armed Forces Medical College,burger,7942,Burger King,burger,13,14,8
c0cpfvomlbnfmjbvfbtg,Bangalore Baptist Hospital,biryani,10806,Hotel Empire,burger,18,8,19
c0e41r8mlbnfmjbvh61g,Sinhgad Institutions,burger,3471,Burger King,burger,11,21,21
cb3cfcd0-ac6e-4013-a779-0a40809bc2d9,Government Thoothukudi Medical College Hospital,dosa,5737,Sangamithra Multi Cuisine,omelette,14,5,10
c0e3iigmlbnfmjbvgocg,D Y Patil Vidyapeeth University,burger,3089,Burger King,burger,9,10,7
65aa1597-6bdd-4a42-9b52-3671525eac4b,University of Mysore,biryani,3726,Sri Chamundeshwari Donne Biriyani Center,biryani,21,8,24
24478f1b-6d7b-4a4a-a83e-5e65e732da3b,Motilal Nehru Medical College,pizza,4578,Rominus Pizza And Burger,pizza,15,35,23
42c88cb8-5a6d-40b7-a341-8771d6f561b4,Tamil Nadu Agricultural University I,biryani,4465,Shree Anandhaas,biryani,14,6,35
befd1a1f-7ce2-4877-8563-d80dc467fe4a,Government Medical College & Hospital,biryani,2709,Sri Krishna Grand,pizza,14,7,26
42b8f321-ce37-4914-9d21-df93c490234c,Nalanda Medical College Hospital (NMCH),biryani,6312,Bikkgane Biryani,biryani,12,15,19
c0cpnq89tt4h2ptru90g,Calcutta Medical College & Hospital,biryani,9017,Domino's Pizza,curry,13,8,14
7fba60b0-7f4d-42d5-a770-4e1ee836120a,Mannuthy Veterinary College & Hospital,burger,2499,Arabian Grill - East Fort,burger,9,4,13
5099e2c2-3e33-4cf9-a9f8-4f954e5b40b2,Andaman and Nicobar Islands Institute of Medical Sciences(ANIIMS),biryani,5312,Reef Atlantis,,15,11,16
c0cpeto9tt4h2ptru0e0,ESI Medical College & Hospital,biryani,12920,A2B - Adyar Ananda Bhavan,juice,13,4,14
02216057-0ded-44f7-8028-450cf9f947e8,Symbiosis International University Bengaluru,burger,6757,McDonald's,burger,12,11,7
0ec5bd36-52c5-4d3f-9e61-acf409239ae6,National Institute of Technology Calicut(NIT) Part 1,burger,5148,KFC,burger,12,12,11
1b7920e3-c235-4366-a92f-fd65f680e999,Government Medical College & Hospital,pizza,12850,La Pino'z Pizza,pizza,13,14,11
70d83d59-771c-4543-836a-722ffc8d3374,IIT Goa,biryani,5087,The Tiffin Factory,naan,21,13,18
892d769f-ec14-4604-88ed-7f6ece320399,College Of Engineering Thiruvananthapuram,biryani,3933,Le Arabia,shawarma,13,8,28
151e7916-15a9-4458-8cf5-a3dff82dbcac,Krishna Institute of Medical Sciences,burger,8564,McDonald's,pizza,19,15,15
623a16c7-9857-4090-af9a-212314fa456f,BRD Medical College,pizza,6240,Rominus Pizza And Burger,pizza,11,47,17
eef994ba-6aa2-4466-aa52-06c96f6bda00,Sri Ramakrishna Institute of Paramedical Sciences,biryani,7415,Sree Annapoorna,biryani,20,7,15
6f6f90f0-08fd-4b20-8e30-519a726f2b03,Xavier Institute of Management (XIMB),biryani,7082,Burger King,burger,12,13,19
9ed38ebe-9df2-48aa-a964-25dbe5cd4ea6,Hindusthan College of Arts & Science,biryani,9833,Ss Hyderabad Biryani,parotta,23,6,35
c4e631a8-1466-473e-8cd3-fd61739f5951,MMM University of Technology,pizza,2997,Burger King,pizza,9,146,65
f3f126a8-e9ae-4354-b4ad-81036fe1b89a,Government Medical College Haldwani,pizza,2299,La Pino'z Pizza,pizza,14,16,6
c9afecd2-7259-4ce3-b694-0df5d1c7f098,National Institute of Technology Patna,biryani,6655,Bikkgane Biryani,pizza,9,14,21
c0v86h3mud18qpl380e0,National University Of Juridical Sciences,burger,6954,Burger King,burger,14,12,5
5b7d2918-886d-4ff1-a287-6367993bae7f,Tirunelveli Medical College & Hospital,biryani,5761,Juice Time Restaurant,pizza,18,6,14
c0e1881c-8a1d-48ef-be87-c27ae4f5a618,DR MGR University,burger,24955,A2B - Adyar Ananda Bhavan,burger,14,10,9
96017b1a-4ab9-449d-a28d-37198a90550d,Sri Padmavathi Mahila Visvavidyalayam,biryani,3342,The Paradise,biryani,6,6,170
0b7391a3-8e17-43f9-981b-6fcbfdfdf095,Sri Venkateshwara Medical College,biryani,6771,Di Table 9 New,biryani,14,6,71
3ee5f203-9147-476d-838b-2de0c19018e1,Sai Tirupati University,biryani,4796,KFC,curry,12,12,16
66db08cc-b5db-4c5b-b794-b0d1c5c72064,Government Medical College Ongole,biryani,2899,Alif Hyderabad Kachi Dum Biryani,pizza,11,5,55
cfb762c4-6ab9-419b-b40b-511173609bbf,Government General Hospital and College Kakinada,biryani,3398,Food Park Family Restaurant,burger,16,9,22
b5386d45-da16-4662-99fa-ed82277711e5,SVS Medical College & Hospital,biryani,5720,Domino's Pizza,pizza,19,10,21
122450cb-93b7-4395-93c0-0e777cb4be84,Tripura Medical College and Hospital,biryani,5844,Hippies Point,pizza,10,9,19
c0v87l3mud18qpl380p0,PES University,biryani,8119,Meghana Foods,burger,21,6,20
a26fce1a-01f4-4650-b686-ccc5556d8f3f,Biju Patnaik University of Technology Rourkela,biryani,8845,One Bite,pizza,32,20,48
22fb6039-8e74-45fc-a7a5-9b58122bdaa5,National Institute of Fashion Technology (NIFT),burger,5314,McDonald's,waffle,18,8,6
931901ce-d6b2-4242-b108-a4f532a106f7,Xavier Institute of Management and Entrepreneurship (XIME Kochi),biryani,2844,Pizza Hut,pizza,16,9,8
2e2e0b8e-6de3-4565-93e4-6a8a64b2c468,IIITDM Kurnool,biryani,5731,Spicy Leaf Family Dabha,fried_rice,9,11,59
9706841c-3af5-47c5-83c1-54d0535c245e,Vijayanagara Institute of Medical Sciences(VIMS),biryani,4325,Lassi Shop,sundae,16,12,33
38affd9d-5b2a-4bb1-8f39-351d8695f89c,BITS School of Management,burger,6990,Domino's Pizza,pizza,12,17,5
b20840ea-f62e-4165-afba-4edf1936eee4,Shri Govindram Seksaria Institute of Technology and Science (SGSITS),biryani,5896,Sagar Gaire,biryani,11,9,16
54ba2710-3021-401d-a926-acdf1f9e2689,AIIMS Bhubaneswar,biryani,5859,Burger King,other_dry_starters,14,9,14
b43ade37-d903-4863-ad1f-8b4bcec38a38,TKM Group Of College,burger,3199,Qahwa,pizza,11,11,12
b19b0029-0d99-47d4-a77a-7ba3fcbdb037,NICMAR University,biryani,3155,Burger King,burger,14,10,23
b00e2969-8719-4ff3-ab4c-960604c9c8e2,Tirunelveli Medical College & Super Speciality Hospital,biryani,3251,Juice Time Restaurant,other_dry_starters,12,5,12
a301a15d-9726-47a2-8b42-e1a0a31645dd,Kashibai MC Hospital,burger,10331,McDonald's,burger,15,9,12
9c29a571-c9a6-4abd-8c22-4798ed0fac8e,Kalpana Chawla Government Medical College & Hospital,burger,4529,Kshirdhara,burger,15,11,8
2e1e83b5-d4e8-4cd2-8853-ee258a967ab0,National Law Institute University,pizza,3179,Subway,burger,9,14,7
f6ad519b-8075-43d9-9dbe-3b498567e512,All India Institute Of Speech And Hearing Mysore,biryani,3672,The Cake Room,pizza,13,7,9
c828367e-0e99-4ab4-9eae-4590b82f3e2f,National Law University Jodhpur,pizza,16862,McDonald's,pizza,10,19,7
d1d4c1cf-00ee-4b9d-b328-4ce27453bf3b,Hi Tech Hospital & Medical College,biryani,9068,Jugaad Jn,biryani,13,13,24
6147c52b-a463-472a-8392-ec86acb3053e,NIT Rourkela,pizza,6020,Domino's Pizza,other_dry_starters,13,13,14
63ed0267-d2a5-491c-96e1-2f084c586d52,BS Abdur Rahman Crescent Institute Of Science And Technology,biryani,4487,KFC,biryani,11,7,12
3307d2f9-ae44-4a2a-aded-fbaab46d6586,Swami Vivekanand Subharti University,pizza,6227,Domino's Pizza,pizza,10,9,9
7df3589d-8551-4f97-8400-adcb6fe13efc,Amala Institute of Medical Sciences Thrissur,burger,4767,Hotel Akshaya - Punkunnam,burger,13,5,8
4f282a58-39bd-4c54-9b0a-9a5f886ca285,IIIT Design & Manufacturing,biryani,7194,Ambrocia's,other_dry_starters,9,21,18
65f9186e-02e4-4e45-a730-e1f6f8dbc010,Balaji Institute of Medical Science College,biryani,7421,Burger King,burger,12,8,13
f47825c5-65a0-4005-8fc6-0d9d5da8b340,Pandit Dindayal Upadhyay Medical College,tea,7582,Tea Street,pizza,14,10,5
54dfb62e-43b7-4db2-8c40-d2ecb21a7fce,JSS Academy of Technical Education,pizza,3135,Sandwich King,burger,10,29,26
f6e0b458-3823-4f5d-91b1-5887a774c87d,SN Medical College & Hospital I,pizza,5043,La Pino'z Pizza,pizza,16,13,7
0b5fc530-6d79-4aba-ba44-8a63f3529c40,Indian Veterinary Research Institute (IVRI),burger,5769,Burger King,burger,12,12,10
772a7a54-663d-4f13-8910-630d0a1135cc,IIM Nagpur,biryani,6999,The Lalamama Brewing Company,burger,9,9,10
68852b76-31cf-4f32-ab84-ce165e9514ae,NIT Andhra Pradesh,biryani,4200,Maya Bazaar,,11,5,49
43900727-25d7-4403-a50c-809c8ec6f688,Mandya Institute of Medical Sciences (MIMS),biryani,2789,Ravi Donne Biriyani,pizza,10,24,51
65c7e8ef-04cd-4803-bdb9-7d07fe6120e5,LNCT University,biryani,6804,Vrindavan Dhaba's Timbuktoo,curry,14,8,9
0ab7efb3-6e66-4b03-908c-ed7c682ec93a,Malla Reddy Vishwavidyapeeth,biryani,13748,Pizza Hut,biryani,8,11,12
43378cbe-4f67-4c1c-b27f-2a2ef3b8c73c,IIIT Bhubaneswar,biryani,3709,Priya Restaurant,pizza,16,10,38
c4fbcbe7-1c27-4c46-9497-58b9d01d80b8,Goa Dental College and Hospital,biryani,4728,The Tiffin Factory,pizza,14,9,11
6f4f33ae-ae48-40ea-95c8-9a46822bb40c,North Eastern Hill University,biryani,3628,KFC,,11,13,11
d3110705-1719-464c-afd3-6ae10fed94a1,People's College of Medical Sciences & Research Centre(PCMS),burger,5055,Tilakrams Sweets Bakery Restaurant,pizza,15,8,7
72dd8cf5-89d0-4053-af9e-0f3ddbb4beea,Sardar Patel Post Graduate Institute of Dental & Medical Sciences,pizza,9614,Rominus Pizza And Burger,pizza,10,10,10
a96e771d-c866-40e4-89f4-67f17f876bd5,BITS Pilani Mesra,pizza,5996,Domino's Pizza,burger,9,22,17
9e491011-2017-4dce-8eb6-fa057fcc5419,KR Mangalam University,pizza,7816,Caribbean Pizza,,8,63,9
abfa6a3a-a24f-4b99-b28c-1d7890a8109a,Maharashtra Institute of Medical Sciences & Research,biryani,2737,One And Only Food Mall,garlic_bread,15,7,9
ea30d4ca-3351-4fdb-8892-a5cf474a136b,IILM University Greater Noida,burger,3921,Burger King,burger,10,11,10
c8209c73-de40-4e1f-bcdf-a05992588f88,RCOEM & Ramdeobaba University(RBU),biryani,5287,Delhi Chaap Corner,burger,6,10,19
73bf56f6-c865-42b5-85c3-1daba663f3f4,Sir CR Reddy College of Engineering,biryani,2539,Mannat Dhaba & Restaurant,pizza,7,4,268
25bfa531-dd1a-4f67-9573-1035e26d9fd6,Andhra University College of Engineering (AUCE),biryani,8190,Eaters Stop,biryani,13,6,41
6cfdbdc9-5d33-4f73-a4c2-5468dedad4d8,Maharajah's Institute Of Medical Sciences,biryani,6134,Sunny Family Restaurant,pizza,11,6,19
d85d8715-5de4-4961-aaf8-2ec8446a6b6e,Punjab Institute of Medical Sciences,burger,5460,Burger King,burger,15,11,5
9cdd015a-a8e0-41e4-aaa8-8b6806802e35,Vinayaka Mission University,biryani,4598,A2B - Adyar Ananda Bhavan,parotta,11,4,13
c0e3vf09tt4h2ptrvpb0,R V College of Engineering R V University,biryani,5890,McDonald's,burger,14,6,16
2c26e4df-1d92-48a4-ad9e-6c249374c32d,Assam Agricultural University 1,biryani,5067,Fusion Asiana,pizza,10,11,45
009f7a1b-fc6b-4e06-8e73-a212bc47fac9,South Asian University,burger,4400,Burger King,burger,10,15,6
b0ae54f6-b984-444d-95ed-0144b60b27da,Gauhati Medical College and Hospital(GMCH) II,biryani,8505,Domino's Pizza,curry,16,8,11
c0e3lsgmlbnfmjbvgre0,Hiranandani Knowledge Park,roll,17919,Gopala's Veg Kitchen,burger,13,7,7
60bc33c5-df5e-402f-a3c8-34920230cd58,The Maharaja Sayajirao University(MSU) - 2,pizza,5957,Burger King,pizza,12,20,5
bui62g6pej7fsal2q0qg,Indira Gandhi Delhi Technical University for Women,pizza,9807,Domino's Pizza,pizza,11,22,13
924653cf-be0f-47a6-aba7-8fabbd2dbe78,New Horizon College Of Engineering,biryani,4054,Meghana Foods,biryani,7,15,30
c0e3jm0mlbnfmjbvgpd0,G Narayanamma Institute Of Technology And Science(GNITS),biryani,4174,Mehfil,biryani,6,24,161
1483d7a5-245a-4f17-9ff9-ea215a35ae76,Trichy SRM Medical College Hospital & Research Centre,biryani,7488,Anjappar Chettinad A/C Restaurant,other_dry_starters,11,3,21
cfeab5f3-a891-4a72-a0df-f6cb7055f841,SDM Medical College Dharwad,biryani,2866,KFC,pizza,20,10,19
1f91d7e2-e3ad-47b5-ad5b-434861edfbe3,Mohanlal Sukhadia University,pizza,3348,Rominus Pizza And Burger,pizza,11,17,5
a23953a4-4e8c-4367-be61-ef75c3760938,Government Mohan Kumaramangalam Medical College Hospital,biryani,5113,Barbequeen Restaurant,burger,16,6,14
941953f3-44b2-464b-a376-7d9721cf918a,Chhattisgarh Institute of Medical Sciences,biryani,2230,Burger King,burger,16,7,26
1f191043-ce5c-4cc0-8135-dc03c546a41c,LLRM Medical College & Hospital,pizza,8749,Feast mood,pizza,8,13,6
90431aa4-27da-4e73-b718-c5ea2bfdd97d,Apollo Institute Of Hospital Management and Allied Sciences,biryani,11648,A2B - Adyar Ananda Bhavan,other_dry_starters,19,4,14
db96fe19-d664-43d6-8571-e95d93909a1d,Amity University Mohali,pizza,4317,McDonald's,pizza,11,14,6
85cd87d0-fe8b-4d61-8f2c-6ecb176987bf,VIT AP University,pizza,6387,Pizza Hut,,5,34,19
03e459ae-1881-4180-b6f8-2b4b33e75b1b,Dr Panjabrao Alias Bhausaheb Deshmukh Memorial Medical College PDMMC,biryani,3495,Hotel Vandu International,pizza,13,7,10
529f8fdf-a6b5-4bf6-b19f-3fff76f9d4a2,Dr. M. K. Shah Medical College & Research Center,burger,7093,Burger King,burger,15,11,4
f613106d-aaaa-492e-8740-7b84a37f3f41,Institute Of Chemical Technology(ICT),pizza,24415,"Dabba Garam (Homestyle,Combo, Thali & More)",pizza,12,12,10
db294169-20a4-470d-acde-c997acaacca6,BITS Pilani Patna,pizza,3110,Burger King,biryani,11,13,11
dff2a430-c824-4209-b9a6-7839a1b96822,Odisha University of Agriculture and Technology(OUAT),biryani,2132,Biriyani box,burger,11,13,19
3d8deb7e-a249-4160-a58b-9df37a4629f7,Motilal Nehru National Institute of Technology Allahabad,pizza,5226,Rominus Pizza And Burger,pizza,12,36,8
eed92486-d710-4cab-b3c8-09963e32b0ce,Nitte Meenakshi Institute of Technology(NITTE),biryani,4602,Nandhana Palace,other_dry_starters,8,7,39
5a17df66-7bd2-4077-a3b3-774459e0a26f,DAIICT University,burger,4103,McDonald's,burger,8,12,5
f2eee220-8786-4510-9ea9-4cdf4039f4fe,MJN Medical College,biryani,2773,Shree Kunj Restaurant,pizza,13,6,23
c0df0jo9tt4h2ptruvng,Madha Medical College & Hospital,biryani,8039,KFC,other_dry_starters,25,5,10
7353cbe6-d94a-4ead-bdb9-17842ab4c8f8,Veermata Jijabai Technological Institute (VJTI),pizza,8067,La Pino'z Pizza,pizza,23,25,16
23de866f-d866-4f40-a8cd-5ca167445598,Rajasthan Technical University,pizza,2798,Anand Shekhawati Dhaba (Transport Nagar),burger,12,34,6
9f3d1312-511a-4cb1-bb27-eb36cf2d8281,DG Ruparel College of Arts Science and Commerce,vada,9400,Arya Bhavan,burger,21,7,6
f45ad234-95e0-4d09-b977-e48f27a1a68d,IIM Ahmedabad Old Campus,burger,6587,KFC,ice_cream,18,8,8
c6d5f43f-7489-48a5-be73-d00461d979c6,Shri Dharmasthala Manjunatheshwara Institute for Management Development,biryani,2735,Lemon three,other_dry_starters,21,6,12
c0cpqn09tt4h2ptrubpg,IIM Lucknow(Noida Campus),biryani,4513,Domino's Pizza,burger,15,6,8
e5664afd-e1cc-4ff0-8554-4faac11a3157,NKP Salve Institute of Medical Sciences,pizza,7937,Haldiram's Restaurant,pizza,14,8,6
12c9edc4-9a21-483a-82e1-b8981e66e0e9,Velammal Medical College & Hospital,biryani,7370,Zaitoon,burger,13,6,12
88a819be-b6da-4ea7-81ad-d9fc10b1011a,Chalmeda Anand Rao Institute Of Medical Sciences,biryani,5928,Domino's Pizza,pizza,8,7,24
de5b3cde-dbbe-4b37-9008-1108e466ffe8,IIT Gandhinagar,burger,15006,KFC,burger,16,13,8
c2faff91-d134-4a14-96cc-5752aaf36e90,Baby Memorial College Of Allied Medical Sciences & Hospital,biryani,6930,Hotel Sagar (Old Sagar),burger,23,7,8
7a5c1ebb-7cb3-4762-8642-6257a7fc06d1,Goa University,biryani,4554,The Tiffin Factory,curry,13,9,13
bcce549e-487c-4f18-9899-f459161f045d,DY Patil Medical University,burger,5882,McDonald's,burger,17,8,8
9b78603e-a333-424c-b012-bf1f7e373a7e,JECRC University & JECRC Medical College Hospital (JMCH),pizza,3827,Rominus Pizza and Burger,burger,9,17,9
43b49388-22a1-4f7c-9858-3b66daab7c82,Indian Institute of Forest Management,pizza,5008,Pizza Hut,pizza,23,16,10
8f72a3a7-8421-453f-865d-1c183097364e,Christian Dental College & Hospital,burger,6935,KFC,burger,8,8,5
c0v85irnrs5psrn7ivug,National Institute of Fashion Technology,biryani,8550,Domino's Pizza,noodles,14,9,11
6c2938df-9a0c-423d-8f57-3b95d6e8130d,AMC Dental College and Hospital,burger,8630,McDonald's,pizza,12,14,7
69b0a37b-b0eb-42e4-9be0-4350e534dbea,Godavari Global University(GGU & GGIET Campus),biryani,4107,Amrutha Biryani center,biryani,10,5,64
427649ee-ee66-49e1-80eb-5e733742e21a,RIMS Super Speciality Hospital,biryani,6288,Andhra Spice (Original),,10,6,23
67082c40-6af5-44d0-82e1-8b090fea0560,Sri Jayachamarajendra College of Engineering & JSS Polytechnic,biryani,2702,The Quorum Hotel,biryani,11,7,49
4440c59d-b50a-441d-a50d-d5e75a4c2869,Deenbandhu Chhotu Ram University Of Science And Technology(DCRUST),pizza,2546,Pizza Galleria,pizza,10,18,6
6b7c863e-3b20-444b-b372-560751c014c7,Indira Group Of Institutions,fried_rice,6751,Lamiya Multicuisine Restaurant,,12,4,8
24bc6334-fee3-4e5c-bb9a-2153df9aa67a,Maharani Laxmi Bai Medical College,burger,3262,Shiv Hotel,burger,14,13,20
180c9d19-92c8-4853-b704-5a92021ef2f6,NIT Kurukshetra,pizza,2942,Domino's Pizza,pizza,14,21,4
409a7228-7780-41b6-bd47-fdd516289554,University of Lucknow Second Campus,pizza,3612,Burger King,pizza,12,18,11
9fc17490-3dbc-4ce8-84f9-922496886a1c,Sikkim Manipal University(SMU),burger,5154,Burger King,,12,8,11
c42d03de-194f-45e7-8f6f-b53d9c1177d5,IIM Trichy,burger,8565,KFC,burger,10,15,11
c0e3seomlbnfmjbvh15g,Panimalar Engineering College,biryani,6461,KFC,pizza,17,7,9
a514475c-7e31-42fb-8fa9-7947d372c75e,Birla Institute of Management Technology,burger,3672,Burger King,other_dry_starters,14,12,9
bui8vfistu3qr1u8fkkg,CMR Group of Institutions,biryani,4118,Classic Family Dhaba,burger,10,9,48
91994bb0-2151-4291-95f7-0ddc903f1cc5,Roorkee Institute of Technology (RIT),biryani,2543,Mohit Dhaba,burger,11,7,12
9a557ed7-3484-4207-96fd-5556561eeda8,Kamla Nehru Institute of Technology Sultanpur(KNIT Sultanpur),pizza,2033,Rominus Pizza And Burger,pizza,6,148,20
b52c3f7a-85b2-434b-94bc-3d2787e54b87,Amrita University,burger,3943,KFC,,11,5,15
c0e3k5o9tt4h2ptrvf70,Bengaluru University I,biryani,8166,Burger King,pizza,10,9,14
a280e6c3-cafc-4ee9-aebb-18b17a25ccdf,Raj Kumar Goel Institute Of Technology,pizza,4650,Rominus Pizza And Burger,pizza,8,52,22
5bda6052-a50c-43b4-80f3-5fb1d10dc3fb,Dr Laxmi Narayan Pandey Government Medical College & Hospital,pizza,2042,Krishna Fast Food & Restaurant,,12,12,8
f4095b4c-4ff6-4f27-9a3b-6a6d93bd94b9,Lalbhai Dalpatbhai College of Engineering,pizza,2999,Martino'z Pizza - Navrangpura,pizza,12,17,7
b4ced8f5-532d-45e6-b769-18e220154453,Sri Aurobindo Institute of Medical Sciences & Hospital (SAIMS),burger,6298,McDonald's,curry,12,10,6
e707e9fc-9212-4208-87e0-d952c8d5147e,IIM Udaipur,biryani,14979,Pizza Hut,pizza,10,12,16
c0e3i00mlbnfmjbvgnt0,Dayananda Sagar Institutions,biryani,6907,Meghana Foods,other_dry_starters,11,8,18
46740d93-6364-472b-aa73-83322d48a536,Dayanand Medical College,burger,4494,Burger King,pizza,12,10,4
110796c0-0679-4c56-b43b-afc16ecb3b02,Royal Global University,burger,4411,KFC,burger,10,7,11
d77b3cb1-684e-44d0-b999-53218c769b5e,Satyajit Ray Film & Television Institute,biryani,7937,Rang De Basanti Dhaba,biryani,18,6,7
8f97ed1f-8b18-418d-8e9b-689536234b0e,Pt Jawahar Lal Nehru Memorial Medical College Raipur,biryani,4484,Kaaram Podi,biryani,12,5,10
347f7189-f9ba-4400-a771-0455d7caf758,The Maharaja Sayajirao University of Baroda,pizza,3444,Jagdish Foods Pvt Ltd,pizza,12,11,9
c0e3g589tt4h2ptrvbk0,Bharati Vidyapeeth University,burger,9214,Burger King,pizza,14,11,5
b9abbe07-30f7-41df-87f0-6280286286c9,Dharmashastra National Law University(BRBRAITT),thali,11766,Bun in a Million,pizza,12,14,5
cc4d5bed-c6c2-4098-a319-917c9c10c749,GD Goenka University,burger,6472,Om Sweets & Snacks,pizza,42,7,8
buibn6mpej7fsal2qoig,Chennai Mathematical Institute,burger,4082,Zaitoon,other_dry_starters,22,8,5
3b2de6cf-95c9-4fa0-a520-1ee3e5ac3635,Krishna Teja Jr College,biryani,4837,Di Table 9,pizza,10,5,33
360aad8d-5dd8-49a3-9807-bdd751a8373f,SS Institute of Medical Sciences,biryani,3675,Sarovar Royalee Fine Dine,pizza,10,12,23
87f233f4-8550-47e5-b97d-0961a5781101,Rajasthan University of Health Sciences,pizza,3280,Kanha,pizza,10,12,5
8045509f-dc34-4a66-830c-3fd3126cfda1,Dr. Babasaheb Ambedkar Marathwada University,biryani,3017,CFC Shalimar Family Restaurant,biryani,13,14,28
a30499a2-9334-43c2-a7ff-9c73757590c7,Walchand College of Engineering,biryani,3423,Rahamatullah Restaurant Sangli,pizza,8,5,43
182fd853-6ca5-4387-8568-7e86d03ead03,CFTRI Campus,biryani,4199,A2B - Adyar Ananda Bhavan,burger,12,7,9
c0deqto9tt4h2ptruqbg,Ramaiah University Of Applied Sciences,biryani,3737,Burger King,burger,12,6,12
6717c352-ae89-457d-b46d-6af1b1995ff5,Shri Vasantrao Naik Government Medical College & Hospital,biryani,3746,Ekvira Restaurant,pizza,13,8,29
bui62hqstu3qr1u8f8c0,Hindu Rao Hospital & North DMC Medical College,pizza,14578,La Pino'z Pizza,curry,21,10,7
4b5fe579-841a-46d4-acd6-adc927af1067,Manav Rachna Educational Institutions,biryani,8479,Burger King,fries,8,7,17
bui61ampej7fsal2q0lg,Rajiv Gandhi Cancer Institute & Research Centre,burger,12969,Chaayos Chai+Snacks=Relax,burger,15,7,6
41f8bab2-832f-4bdc-a87c-a93460cdcc71,National Institute Of TB And Respiratory Diseases,biryani,6161,Thalairaj Biryani,burger,14,9,9
d1da67bb-bf61-4b6f-9712-3b9a3911a792,Datta Meghe Institute of Medical Sciences,biryani,2607,Food Feast Restaurants,fries,13,7,8
e67b8f02-2e45-45e0-a399-e24fb808f40a,Indian Institute of Science Education and Research Bhopal,pizza,6071,KFC,pizza,10,16,7
271a11d6-82b8-45fc-ae27-66eb52bc3f2b,Government Medical College Kochi,biryani,3704,Thaal Kitchen,other_dry_starters,14,4,7
bafe82a1-7606-4909-a856-2a0a6d4dcb58,Government Institute of Leather Technology(FDDI),biryani,3399,Mehfil,biryani,11,6,11
097d7620-993a-4d63-965c-a6a699928ec1,KMCT Kozhikode,burger,2329,KFC,,10,10,5
5e48fc57-89d9-4321-ac34-245c86ea8446,IIIT Bhagalpur,roll,3228,Metro Plaza,,10,11,11
91def1f1-063d-43a1-b537-692f47a483a0,Coimbatore Institute of Technology (CIT),biryani,4749,Salem RR Biriyani Unavagam,pizza,21,3,53
0a83c9f0-33bb-491d-b470-430a47997e50,University of Rajasthan,pizza,4972,Harishankar Veg Restro,pizza,12,13,6
1bd87995-e730-4738-a8a6-4d31db69a7c4,Pinnamaneni Siddhartha Medical College,biryani,4402,K mishra family dhaba,pakoda,12,3,17
28581c80-cd53-420f-b5ae-9c56bb01d692,Sri Venkateshwaraa Medical College Hospital & Research Centre,biryani,8976,KFC,other_dry_starters,9,4,15
751e16ec-7308-42b3-8693-be923b4e85a7,Rajalakshmi Engineering College,biryani,3253,Chill 'N' Chill Restaurant,fried_rice,4,3,49
05e97beb-1bdc-4e6c-955d-c26e2952282d,Pt. Jawahar Lal Nehru Memorial Medical College II,biryani,4105,Chai Govindam,biryani,10,6,11
5ff5167c-8d43-4916-86ed-499b85ceff3a,JJM Medical College,biryani,2249,Domino's Pizza,pizza,16,6,9
btd13058o0r16ibrs23g,BMS Institute of Technology and Management,biryani,7071,Nandhana Palace,other_dry_starters,15,6,12
99a48e44-6cc1-40c8-9d84-f371e4ed0f40,Government College of Technology Coimbatore,biryani,7217,Royal Biriyani,parotta,15,4,21
f5077d72-5150-4c3d-8dfd-37c56316bdc9,Shyam Shah Medical College & Sanjay Gandhi Memorial Hospital,pizza,5333,Domino's Pizza,pizza,13,9,8
8e8f47d6-0147-486a-92df-dc133e630ca5,KIMS Hospital And Research Centre,biryani,8124,McDonald's,burger,12,7,10
d8604735-fdc5-4c46-9e25-85dcc2b5dadf,Amity University Lucknow,pizza,3857,Rominus Pizza And Burger,pizza,8,9,10
ee28bf2b-497c-457e-87ea-560f121f3dc4,Institute of Nano Science and Technology,biryani,4789,La Pino'z Pizza,pizza,17,10,7
d56743fe-634c-46a3-b6ce-4534c3d8cfe6,Indira Gandhi Institute Of Child Health,biryani,4800,Domino's Pizza,pizza,25,6,10
ab3d0094-751b-41c4-bd3e-35d26b56f374,Chettinad Hospital And Research Institute,biryani,7643,Sri Krishna Bhavan,other_rice_varieties,15,6,8
f1eafc90-f754-4470-9d0b-e6a1ad478257,Indian Maritime University(IMU),burger,6681,Jai Jawan Stall,burger,11,14,8
c0e3nl0mlbnfmjbvgsu0,Kohinoor City Mall,biryani,15125,Thambbi,other_dry_starters,10,7,9
f1136aad-51d1-4320-87dd-b98e29a00e21,MICA Ahmedabad,burger,7192,McDonald's,burger,9,11,5
2d934343-2fd4-4d79-b641-a65b8ef91e51,National Institute of Technology Calicut(NIT) Part 2,burger,5560,KFC,burger,10,9,6
buiau22stu3qr1u8fstg,Madras School Of Economics,burger,2755,Burger King,burger,9,6,9
c0e3mggmlbnfmjbvgrv0,Jaipuria Institute Of Management,pizza,4843,Domino's Pizza,pizza,9,9,9
4daad2ae-0f74-411d-8540-9bb81c8a8d55,NIFT Patna,biryani,4178,Burger King,pizza,8,7,8
buiamgepej7fsal2qk8g,Dr MGR Educational and Research Institute,burger,4653,Burger King,burger,11,4,7